{
    "canvas_limits_mm": {
        "x": [
            0.33200000000000074,
            169.668
        ],
        "y": [
            -9.804,
            134.804
        ]
    },
    "canvas_limits": {
        "u": [
            35,
            17860
        ],
        "v": [
            -1032,
            14190
        ]
    },
    "canvas_size": [
        17825,
        15222
    ],
    "canvas_size_mm": [
        169.33749999999998,
        144.60899999999998
    ],
    "bed_zero_offset": [
        0,
        0
    ],
    "machine_limits": {
        "x": [
            15,
            155
        ],
        "y": [
            0,
            125
        ]
    },
    "camera_size": [
        3088,
        2064
    ],
    "camera_size_mm": [
        29.336,
        19.608
    ]
}